[Ljava.lang.String;@5197848c
[Ljava.lang.String;@17f052a3
[Ljava.lang.String;@2e0fa5d3
[Ljava.lang.String;@5010be6
[Ljava.lang.String;@685f4c2e
[Ljava.lang.String;@7daf6ecc
[Ljava.lang.String;@2e5d6d97
[Ljava.lang.String;@238e0d81
[Ljava.lang.String;@31221be2
[Ljava.lang.String;@377dca04
[Ljava.lang.String;@728938a9
[Ljava.lang.String;@21b8d17c
[Ljava.lang.String;@6433a2
[Ljava.lang.String;@5910e440
[Ljava.lang.String;@6267c3bb
[Ljava.lang.String;@533ddba
[Ljava.lang.String;@246b179d
[Ljava.lang.String;@7a07c5b4
[Ljava.lang.String;@26a1ab54
[Ljava.lang.String;@3d646c37
[Ljava.lang.String;@41cf53f9
[Ljava.lang.String;@5a10411
[Ljava.lang.String;@2ef1e4fa
[Ljava.lang.String;@306a30c7
[Ljava.lang.String;@b81eda8
[Ljava.lang.String;@68de145
[Ljava.lang.String;@27fa135a
[Ljava.lang.String;@46f7f36a
[Ljava.lang.String;@421faab1
[Ljava.lang.String;@2b71fc7e
[Ljava.lang.String;@5ce65a89
[Ljava.lang.String;@25f38edc
[Ljava.lang.String;@1a86f2f1
[Ljava.lang.String;@3eb07fd3
[Ljava.lang.String;@506c589e
[Ljava.lang.String;@69d0a921
[Ljava.lang.String;@446cdf90
[Ljava.lang.String;@799f7e29
[Ljava.lang.String;@4b85612c
[Ljava.lang.String;@277050dc
[Ljava.lang.String;@5c29bfd
[Ljava.lang.String;@7aec35a
[Ljava.lang.String;@67424e82
[Ljava.lang.String;@42110406
[Ljava.lang.String;@531d72ca
[Ljava.lang.String;@22d8cfe0
[Ljava.lang.String;@579bb367
[Ljava.lang.String;@1de0aca6
[Ljava.lang.String;@255316f2
[Ljava.lang.String;@41906a77
[Ljava.lang.String;@4b9af9a9
[Ljava.lang.String;@5387f9e0
[Ljava.lang.String;@6e5e91e4
[Ljava.lang.String;@2cdf8d8a
[Ljava.lang.String;@30946e09
[Ljava.lang.String;@5cb0d902
[Ljava.lang.String;@46fbb2c1
[Ljava.lang.String;@1698c449
[Ljava.lang.String;@5ef04b5
[Ljava.lang.String;@5f4da5c3
[Ljava.lang.String;@443b7951
[Ljava.lang.String;@14514713
[Ljava.lang.String;@69663380
[Ljava.lang.String;@5b37e0d2
[Ljava.lang.String;@4459eb14
[Ljava.lang.String;@5a2e4553
[Ljava.lang.String;@28c97a5
[Ljava.lang.String;@6659c656
[Ljava.lang.String;@6d5380c2
[Ljava.lang.String;@45ff54e6
[Ljava.lang.String;@2328c243
[Ljava.lang.String;@bebdb06
[Ljava.lang.String;@7a4f0f29
[Ljava.lang.String;@45283ce2
[Ljava.lang.String;@2077d4de
[Ljava.lang.String;@7591083d
[Ljava.lang.String;@77a567e1
[Ljava.lang.String;@736e9adb
[Ljava.lang.String;@6d21714c
[Ljava.lang.String;@108c4c35
[Ljava.lang.String;@4ccabbaa
[Ljava.lang.String;@4bf558aa
[Ljava.lang.String;@2d38eb89
[Ljava.lang.String;@5fa7e7ff
[Ljava.lang.String;@4629104a
[Ljava.lang.String;@27f8302d
[Ljava.lang.String;@4d76f3f8
[Ljava.lang.String;@2d8e6db6
[Ljava.lang.String;@23ab930d
[Ljava.lang.String;@4534b60d
[Ljava.lang.String;@3fa77460
[Ljava.lang.String;@619a5dff
[Ljava.lang.String;@1ed6993a
[Ljava.lang.String;@7e32c033
[Ljava.lang.String;@7ab2bfe1
[Ljava.lang.String;@497470ed
[Ljava.lang.String;@63c12fb0
[Ljava.lang.String;@b1a58a3
[Ljava.lang.String;@6438a396
[Ljava.lang.String;@e2144e4
[Ljava.lang.String;@6477463f
[Ljava.lang.String;@3d71d552
[Ljava.lang.String;@1cf4f579
[Ljava.lang.String;@18769467
[Ljava.lang.String;@46ee7fe8
[Ljava.lang.String;@7506e922
[Ljava.lang.String;@4ee285c6
[Ljava.lang.String;@621be5d1
[Ljava.lang.String;@573fd745
[Ljava.lang.String;@15327b79
[Ljava.lang.String;@4f2410ac
[Ljava.lang.String;@722c41f4
[Ljava.lang.String;@5b80350b
[Ljava.lang.String;@5d6f64b1
[Ljava.lang.String;@32a1bec0
[Ljava.lang.String;@22927a81
[Ljava.lang.String;@78e03bb5
[Ljava.lang.String;@5e8c92f4
[Ljava.lang.String;@61e4705b
[Ljava.lang.String;@50134894
[Ljava.lang.String;@2957fcb0
[Ljava.lang.String;@1376c05c
[Ljava.lang.String;@51521cc1
[Ljava.lang.String;@1b4fb997
[Ljava.lang.String;@deb6432
[Ljava.lang.String;@28ba21f3
[Ljava.lang.String;@694f9431
[Ljava.lang.String;@f2a0b8e
[Ljava.lang.String;@593634ad
[Ljava.lang.String;@20fa23c1
[Ljava.lang.String;@3581c5f3
[Ljava.lang.String;@6aa8ceb6
[Ljava.lang.String;@2530c12
[Ljava.lang.String;@73c6c3b2
[Ljava.lang.String;@48533e64
[Ljava.lang.String;@64a294a6
[Ljava.lang.String;@7e0b37bc
[Ljava.lang.String;@3b95a09c
[Ljava.lang.String;@6ae40994
[Ljava.lang.String;@1a93a7ca
[Ljava.lang.String;@3d82c5f3
[Ljava.lang.String;@2b05039f
[Ljava.lang.String;@61e717c2
[Ljava.lang.String;@66cd51c3
[Ljava.lang.String;@4dcbadb4
[Ljava.lang.String;@4e515669
[Ljava.lang.String;@17d10166
[Ljava.lang.String;@1b9e1916
[Ljava.lang.String;@ba8a1dc
[Ljava.lang.String;@4f8e5cde
[Ljava.lang.String;@504bae78
[Ljava.lang.String;@3b764bce
[Ljava.lang.String;@759ebb3d
[Ljava.lang.String;@484b61fc
[Ljava.lang.String;@45fe3ee3
[Ljava.lang.String;@4cdf35a9
[Ljava.lang.String;@4c98385c
[Ljava.lang.String;@5fcfe4b2
[Ljava.lang.String;@6bf2d08e
[Ljava.lang.String;@5eb5c224
[Ljava.lang.String;@53e25b76
[Ljava.lang.String;@73a8dfcc
[Ljava.lang.String;@ea30797
[Ljava.lang.String;@7e774085
[Ljava.lang.String;@3f8f9dd6
[Ljava.lang.String;@aec6354
[Ljava.lang.String;@1c655221
[Ljava.lang.String;@58d25a40
[Ljava.lang.String;@1b701da1
[Ljava.lang.String;@726f3b58
[Ljava.lang.String;@442d9b6e
[Ljava.lang.String;@ee7d9f1
[Ljava.lang.String;@15615099
[Ljava.lang.String;@1edf1c96
[Ljava.lang.String;@368102c8
[Ljava.lang.String;@6996db8
[Ljava.lang.String;@1963006a
[Ljava.lang.String;@7fbe847c
[Ljava.lang.String;@41975e01
[Ljava.lang.String;@c2e1f26
[Ljava.lang.String;@dcf3e99
[Ljava.lang.String;@6d9c638
[Ljava.lang.String;@7dc5e7b4
[Ljava.lang.String;@1ee0005
[Ljava.lang.String;@75a1cd57
[Ljava.lang.String;@3d012ddd
[Ljava.lang.String;@6f2b958e
[Ljava.lang.String;@1eb44e46
[Ljava.lang.String;@6504e3b2
[Ljava.lang.String;@515f550a
[Ljava.lang.String;@626b2d4a
[Ljava.lang.String;@5e91993f
[Ljava.lang.String;@1c4af82c
[Ljava.lang.String;@379619aa
[Ljava.lang.String;@cac736f
[Ljava.lang.String;@5e265ba4
[Ljava.lang.String;@156643d4
[Ljava.lang.String;@123a439b
[Ljava.lang.String;@7de26db8
[Ljava.lang.String;@1175e2db
[Ljava.lang.String;@36aa7bc2
[Ljava.lang.String;@76ccd017
[Ljava.lang.String;@182decdb
[Ljava.lang.String;@26f0a63f
[Ljava.lang.String;@4361bd48
[Ljava.lang.String;@53bd815b
[Ljava.lang.String;@2401f4c3
[Ljava.lang.String;@7637f22
[Ljava.lang.String;@4926097b
[Ljava.lang.String;@762efe5d
[Ljava.lang.String;@5d22bbb7
[Ljava.lang.String;@41a4555e
[Ljava.lang.String;@3830f1c0
[Ljava.lang.String;@39ed3c8d
[Ljava.lang.String;@71dac704
[Ljava.lang.String;@123772c4
[Ljava.lang.String;@2d363fb3
[Ljava.lang.String;@7d6f77cc
[Ljava.lang.String;@5aaa6d82
[Ljava.lang.String;@73a28541
[Ljava.lang.String;@6f75e721
[Ljava.lang.String;@69222c14
[Ljava.lang.String;@606d8acf
[Ljava.lang.String;@782830e
[Ljava.lang.String;@470e2030
[Ljava.lang.String;@3fb4f649
[Ljava.lang.String;@33833882
[Ljava.lang.String;@200a570f
[Ljava.lang.String;@16b3fc9e
[Ljava.lang.String;@e2d56bf
[Ljava.lang.String;@244038d0
[Ljava.lang.String;@5680a178
[Ljava.lang.String;@5fdef03a
[Ljava.lang.String;@3b22cdd0
[Ljava.lang.String;@1e81f4dc
[Ljava.lang.String;@4d591d15
[Ljava.lang.String;@65ae6ba4
[Ljava.lang.String;@48cf768c
[Ljava.lang.String;@59f95c5d
[Ljava.lang.String;@5ccd43c2
[Ljava.lang.String;@4aa8f0b4
[Ljava.lang.String;@7960847b
[Ljava.lang.String;@6a6824be
[Ljava.lang.String;@5c8da962
[Ljava.lang.String;@512ddf17
[Ljava.lang.String;@2c13da15
[Ljava.lang.String;@77556fd
[Ljava.lang.String;@368239c8
[Ljava.lang.String;@9e89d68
[Ljava.lang.String;@3b192d32
[Ljava.lang.String;@16f65612
[Ljava.lang.String;@311d617d
[Ljava.lang.String;@7c53a9eb
[Ljava.lang.String;@ed17bee
[Ljava.lang.String;@2a33fae0
[Ljava.lang.String;@707f7052
[Ljava.lang.String;@11028347
[Ljava.lang.String;@14899482
[Ljava.lang.String;@21588809
[Ljava.lang.String;@2aae9190
[Ljava.lang.String;@2f333739
[Ljava.lang.String;@77468bd9
[Ljava.lang.String;@12bb4df8
[Ljava.lang.String;@4cc77c2e
[Ljava.lang.String;@7a7b0070
[Ljava.lang.String;@39a054a5
[Ljava.lang.String;@71bc1ae4
[Ljava.lang.String;@6ed3ef1
[Ljava.lang.String;@2437c6dc
[Ljava.lang.String;@1f89ab83
[Ljava.lang.String;@e73f9ac
[Ljava.lang.String;@61064425
[Ljava.lang.String;@7b1d7fff
[Ljava.lang.String;@299a06ac
[Ljava.lang.String;@383534aa
[Ljava.lang.String;@6bc168e5
[Ljava.lang.String;@7b3300e5
[Ljava.lang.String;@2e5c649
[Ljava.lang.String;@136432db
[Ljava.lang.String;@7382f612
[Ljava.lang.String;@1055e4af
[Ljava.lang.String;@3caeaf62
[Ljava.lang.String;@e6ea0c6
[Ljava.lang.String;@6a38e57f
[Ljava.lang.String;@5577140b
[Ljava.lang.String;@1c6b6478
[Ljava.lang.String;@67f89fa3
[Ljava.lang.String;@4ac68d3e
[Ljava.lang.String;@277c0f21
[Ljava.lang.String;@6073f712
[Ljava.lang.String;@43556938
[Ljava.lang.String;@3d04a311
[Ljava.lang.String;@7a46a697
[Ljava.lang.String;@5f205aa
[Ljava.lang.String;@6d86b085
[Ljava.lang.String;@75828a0f
[Ljava.lang.String;@3abfe836
[Ljava.lang.String;@2ff5659e
[Ljava.lang.String;@77afea7d
[Ljava.lang.String;@161cd475
[Ljava.lang.String;@532760d8
[Ljava.lang.String;@57fa26b7
[Ljava.lang.String;@5f8ed237
[Ljava.lang.String;@2f410acf
[Ljava.lang.String;@47089e5f
[Ljava.lang.String;@4141d797
[Ljava.lang.String;@68f7aae2
[Ljava.lang.String;@4f47d241
[Ljava.lang.String;@4c3e4790
[Ljava.lang.String;@38cccef
[Ljava.lang.String;@5679c6c6
[Ljava.lang.String;@27ddd392
[Ljava.lang.String;@19e1023e
[Ljava.lang.String;@7cef4e59
[Ljava.lang.String;@64b8f8f4
[Ljava.lang.String;@2db0f6b2
[Ljava.lang.String;@3cd1f1c8
[Ljava.lang.String;@3a4afd8d
[Ljava.lang.String;@1996cd68
[Ljava.lang.String;@3339ad8e
[Ljava.lang.String;@555590
[Ljava.lang.String;@6d1e7682
[Ljava.lang.String;@424c0bc4
[Ljava.lang.String;@3c679bde
[Ljava.lang.String;@16b4a017
[Ljava.lang.String;@8807e25
[Ljava.lang.String;@2a3046da
[Ljava.lang.String;@2a098129
[Ljava.lang.String;@198e2867
[Ljava.lang.String;@12f40c25
[Ljava.lang.String;@3ada9e37
[Ljava.lang.String;@5cbc508c
[Ljava.lang.String;@3419866c
[Ljava.lang.String;@63e31ee
[Ljava.lang.String;@68fb2c38
[Ljava.lang.String;@567d299b
[Ljava.lang.String;@2eafffde
[Ljava.lang.String;@59690aa4
[Ljava.lang.String;@6842775d
[Ljava.lang.String;@574caa3f
[Ljava.lang.String;@64cee07
[Ljava.lang.String;@1761e840
[Ljava.lang.String;@6c629d6e
[Ljava.lang.String;@5ecddf8f
[Ljava.lang.String;@3f102e87
[Ljava.lang.String;@27abe2cd
[Ljava.lang.String;@5f5a92bb
[Ljava.lang.String;@6fdb1f78
[Ljava.lang.String;@51016012
[Ljava.lang.String;@29444d75
[Ljava.lang.String;@2280cdac
[Ljava.lang.String;@1517365b
[Ljava.lang.String;@4fccd51b
[Ljava.lang.String;@44e81672
[Ljava.lang.String;@60215eee
[Ljava.lang.String;@4ca8195f
[Ljava.lang.String;@65e579dc
[Ljava.lang.String;@61baa894
[Ljava.lang.String;@b065c63
[Ljava.lang.String;@768debd
[Ljava.lang.String;@490d6c15
[Ljava.lang.String;@7d4793a8
[Ljava.lang.String;@449b2d27
[Ljava.lang.String;@5479e3f
[Ljava.lang.String;@27082746
[Ljava.lang.String;@66133adc
[Ljava.lang.String;@7bfcd12c
[Ljava.lang.String;@42f30e0a
[Ljava.lang.String;@24273305
[Ljava.lang.String;@5b1d2887
[Ljava.lang.String;@46f5f779
[Ljava.lang.String;@1c2c22f3
[Ljava.lang.String;@18e8568
[Ljava.lang.String;@33e5ccce
[Ljava.lang.String;@5a42bbf4
[Ljava.lang.String;@270421f5
[Ljava.lang.String;@52d455b8
[Ljava.lang.String;@4f4a7090
[Ljava.lang.String;@18ef96
[Ljava.lang.String;@6956de9
[Ljava.lang.String;@769c9116
[Ljava.lang.String;@6aceb1a5
[Ljava.lang.String;@2d6d8735
[Ljava.lang.String;@ba4d54
[Ljava.lang.String;@12bc6874
[Ljava.lang.String;@de0a01f
[Ljava.lang.String;@4c75cab9
[Ljava.lang.String;@1ef7fe8e
[Ljava.lang.String;@6f79caec
[Ljava.lang.String;@67117f44
[Ljava.lang.String;@5d3411d
[Ljava.lang.String;@2471cca7
[Ljava.lang.String;@5fe5c6f
[Ljava.lang.String;@6979e8cb
[Ljava.lang.String;@763d9750
[Ljava.lang.String;@5c0369c4
[Ljava.lang.String;@2be94b0f
[Ljava.lang.String;@d70c109
[Ljava.lang.String;@17ed40e0
[Ljava.lang.String;@50675690
[Ljava.lang.String;@31b7dea0
[Ljava.lang.String;@3ac42916
[Ljava.lang.String;@47d384ee
[Ljava.lang.String;@2d6a9952
[Ljava.lang.String;@22a71081
[Ljava.lang.String;@3930015a
[Ljava.lang.String;@629f0666
[Ljava.lang.String;@1bc6a36e
[Ljava.lang.String;@1ff8b8f
[Ljava.lang.String;@387c703b
[Ljava.lang.String;@224aed64
[Ljava.lang.String;@c39f790
[Ljava.lang.String;@71e7a66b
[Ljava.lang.String;@2ac1fdc4
[Ljava.lang.String;@5f150435
[Ljava.lang.String;@1c53fd30
[Ljava.lang.String;@50cbc42f
[Ljava.lang.String;@75412c2f
[Ljava.lang.String;@282ba1e
[Ljava.lang.String;@13b6d03
[Ljava.lang.String;@f5f2bb7
[Ljava.lang.String;@73035e27
[Ljava.lang.String;@64c64813
[Ljava.lang.String;@3ecf72fd
[Ljava.lang.String;@483bf400
[Ljava.lang.String;@21a06946
[Ljava.lang.String;@77f03bb1
[Ljava.lang.String;@326de728
[Ljava.lang.String;@25618e91
[Ljava.lang.String;@7a92922
[Ljava.lang.String;@71f2a7d5
[Ljava.lang.String;@2cfb4a64
[Ljava.lang.String;@5474c6c
[Ljava.lang.String;@4b6995df
[Ljava.lang.String;@2fc14f68
[Ljava.lang.String;@591f989e
[Ljava.lang.String;@66048bfd
[Ljava.lang.String;@61443d8f
[Ljava.lang.String;@445b84c0
[Ljava.lang.String;@61a52fbd
[Ljava.lang.String;@233c0b17
[Ljava.lang.String;@63d4e2ba
[Ljava.lang.String;@7bb11784
[Ljava.lang.String;@33a10788
[Ljava.lang.String;@7006c658
[Ljava.lang.String;@34033bd0
[Ljava.lang.String;@47fd17e3
[Ljava.lang.String;@7cdbc5d3
[Ljava.lang.String;@3aa9e816
[Ljava.lang.String;@17d99928
[Ljava.lang.String;@3834d63f
[Ljava.lang.String;@1ae369b7
[Ljava.lang.String;@6fffcba5
[Ljava.lang.String;@34340fab
[Ljava.lang.String;@2aafb23c
[Ljava.lang.String;@2b80d80f
[Ljava.lang.String;@3ab39c39
[Ljava.lang.String;@2eee9593
[Ljava.lang.String;@7907ec20
[Ljava.lang.String;@546a03af
[Ljava.lang.String;@721e0f4f
[Ljava.lang.String;@28864e92
[Ljava.lang.String;@6ea6d14e
[Ljava.lang.String;@6ad5c04e
[Ljava.lang.String;@6833ce2c
[Ljava.lang.String;@725bef66
[Ljava.lang.String;@2aaf7cc2
[Ljava.lang.String;@6e3c1e69
[Ljava.lang.String;@1888ff2c
[Ljava.lang.String;@35851384
[Ljava.lang.String;@649d209a
[Ljava.lang.String;@6adca536
[Ljava.lang.String;@357246de
[Ljava.lang.String;@28f67ac7
[Ljava.lang.String;@256216b3
[Ljava.lang.String;@2a18f23c
[Ljava.lang.String;@d7b1517
[Ljava.lang.String;@16c0663d
[Ljava.lang.String;@23223dd8
[Ljava.lang.String;@4ec6a292
[Ljava.lang.String;@1b40d5f0
[Ljava.lang.String;@ea4a92b
[Ljava.lang.String;@3c5a99da
[Ljava.lang.String;@47f37ef1
[Ljava.lang.String;@5a01ccaa
[Ljava.lang.String;@71c7db30
[Ljava.lang.String;@19bb089b
[Ljava.lang.String;@4563e9ab
[Ljava.lang.String;@11531931
[Ljava.lang.String;@5e025e70
[Ljava.lang.String;@1fbc7afb
[Ljava.lang.String;@45c8e616
[Ljava.lang.String;@4cdbe50f
[Ljava.lang.String;@66d33a
[Ljava.lang.String;@7cf10a6f
[Ljava.lang.String;@7e0babb1
[Ljava.lang.String;@6debcae2
[Ljava.lang.String;@5ba23b66
[Ljava.lang.String;@2ff4f00f
[Ljava.lang.String;@c818063
[Ljava.lang.String;@3f0ee7cb
[Ljava.lang.String;@75bd9247
[Ljava.lang.String;@7d417077
[Ljava.lang.String;@7dc36524
[Ljava.lang.String;@35bbe5e8
[Ljava.lang.String;@2c8d66b2
[Ljava.lang.String;@5a39699c
[Ljava.lang.String;@3cb5cdba
[Ljava.lang.String;@56cbfb61
[Ljava.lang.String;@1134affc
[Ljava.lang.String;@d041cf
[Ljava.lang.String;@129a8472
[Ljava.lang.String;@1b0375b3
[Ljava.lang.String;@2f7c7260
[Ljava.lang.String;@2d209079
[Ljava.lang.String;@6bdf28bb
[Ljava.lang.String;@6b71769e
[Ljava.lang.String;@2752f6e2
[Ljava.lang.String;@e580929
[Ljava.lang.String;@1cd072a9
[Ljava.lang.String;@7c75222b
[Ljava.lang.String;@4c203ea1
[Ljava.lang.String;@27f674d
[Ljava.lang.String;@1d251891
[Ljava.lang.String;@48140564
[Ljava.lang.String;@58ceff1
[Ljava.lang.String;@7c30a502
[Ljava.lang.String;@49e4cb85
[Ljava.lang.String;@2133c8f8
[Ljava.lang.String;@43a25848
[Ljava.lang.String;@3ac3fd8b
[Ljava.lang.String;@5594a1b5
[Ljava.lang.String;@6a5fc7f7
[Ljava.lang.String;@3b6eb2ec
[Ljava.lang.String;@1e643faf
[Ljava.lang.String;@6e8dacdf
[Ljava.lang.String;@7a79be86
[Ljava.lang.String;@34ce8af7
[Ljava.lang.String;@b684286
[Ljava.lang.String;@880ec60
[Ljava.lang.String;@3f3afe78
[Ljava.lang.String;@7f63425a
[Ljava.lang.String;@36d64342
[Ljava.lang.String;@39ba5a14
[Ljava.lang.String;@511baa65
[Ljava.lang.String;@340f438e
[Ljava.lang.String;@30c7da1e
[Ljava.lang.String;@5b464ce8
[Ljava.lang.String;@57829d67
[Ljava.lang.String;@19dfb72a
[Ljava.lang.String;@17c68925
[Ljava.lang.String;@7e0ea639
[Ljava.lang.String;@3d24753a
[Ljava.lang.String;@59a6e353
[Ljava.lang.String;@7a0ac6e3
[Ljava.lang.String;@71be98f5
[Ljava.lang.String;@6fadae5d
[Ljava.lang.String;@17f6480
[Ljava.lang.String;@2d6e8792
[Ljava.lang.String;@2812cbfa
[Ljava.lang.String;@2acf57e3
[Ljava.lang.String;@506e6d5e
[Ljava.lang.String;@96532d6
[Ljava.lang.String;@3796751b
[Ljava.lang.String;@67b64c45
[Ljava.lang.String;@4411d970
[Ljava.lang.String;@6442b0a6
[Ljava.lang.String;@60f82f98
[Ljava.lang.String;@35f983a6
[Ljava.lang.String;@7f690630
[Ljava.lang.String;@edf4efb
[Ljava.lang.String;@2f7a2457
[Ljava.lang.String;@566776ad
[Ljava.lang.String;@6108b2d7
[Ljava.lang.String;@1554909b
[Ljava.lang.String;@6bf256fa
[Ljava.lang.String;@6cd8737
[Ljava.lang.String;@22f71333
[Ljava.lang.String;@13969fbe
[Ljava.lang.String;@6aaa5eb0
[Ljava.lang.String;@3498ed
[Ljava.lang.String;@1a407d53
[Ljava.lang.String;@3d8c7aca
[Ljava.lang.String;@5ebec15
[Ljava.lang.String;@21bcffb5
[Ljava.lang.String;@380fb434
[Ljava.lang.String;@668bc3d5
[Ljava.lang.String;@3cda1055
[Ljava.lang.String;@7a5d012c
[Ljava.lang.String;@3fb6a447
[Ljava.lang.String;@79b4d0f
[Ljava.lang.String;@6b2fad11
[Ljava.lang.String;@79698539
[Ljava.lang.String;@73f792cf
[Ljava.lang.String;@2ed94a8b
[Ljava.lang.String;@38082d64
[Ljava.lang.String;@dfd3711
[Ljava.lang.String;@42d3bd8b
[Ljava.lang.String;@26ba2a48
[Ljava.lang.String;@5f2050f6
[Ljava.lang.String;@3b81a1bc
[Ljava.lang.String;@64616ca2
[Ljava.lang.String;@13fee20c
[Ljava.lang.String;@4e04a765
[Ljava.lang.String;@783e6358
[Ljava.lang.String;@17550481
[Ljava.lang.String;@735f7ae5
[Ljava.lang.String;@180bc464
[Ljava.lang.String;@1324409e
[Ljava.lang.String;@2c6a3f77
[Ljava.lang.String;@246ae04d
[Ljava.lang.String;@62043840
[Ljava.lang.String;@5315b42e
[Ljava.lang.String;@2ef9b8bc
[Ljava.lang.String;@5d624da6
[Ljava.lang.String;@1e67b872
[Ljava.lang.String;@60addb54
[Ljava.lang.String;@3f2a3a5
[Ljava.lang.String;@4cb2c100
[Ljava.lang.String;@6fb554cc
[Ljava.lang.String;@614c5515
[Ljava.lang.String;@77b52d12
[Ljava.lang.String;@2d554825
[Ljava.lang.String;@68837a77
[Ljava.lang.String;@6be46e8f
[Ljava.lang.String;@3567135c
[Ljava.lang.String;@327471b5
[Ljava.lang.String;@4157f54e
[Ljava.lang.String;@90f6bfd
[Ljava.lang.String;@47f6473
[Ljava.lang.String;@15975490
[Ljava.lang.String;@6b143ee9
[Ljava.lang.String;@1936f0f5
[Ljava.lang.String;@6615435c
[Ljava.lang.String;@4909b8da
[Ljava.lang.String;@3a03464
[Ljava.lang.String;@2d3fcdbd
[Ljava.lang.String;@617c74e5
[Ljava.lang.String;@6537cf78
[Ljava.lang.String;@67b6d4ae
[Ljava.lang.String;@34b7bfc0
[Ljava.lang.String;@366e2eef
[Ljava.lang.String;@6df97b55
[Ljava.lang.String;@3cbbc1e0
[Ljava.lang.String;@35fb3008
[Ljava.lang.String;@7225790e
[Ljava.lang.String;@54a097cc
[Ljava.lang.String;@36f6e879
[Ljava.lang.String;@5a61f5df
[Ljava.lang.String;@3551a94
[Ljava.lang.String;@531be3c5
[Ljava.lang.String;@52af6cff
[Ljava.lang.String;@735b478
[Ljava.lang.String;@2c9f9fb0
[Ljava.lang.String;@2096442d
[Ljava.lang.String;@9f70c54
[Ljava.lang.String;@234bef66
[Ljava.lang.String;@737996a0
[Ljava.lang.String;@61dc03ce
[Ljava.lang.String;@50f8360d
[Ljava.lang.String;@2cb4c3ab
[Ljava.lang.String;@13c78c0b
[Ljava.lang.String;@12843fce
[Ljava.lang.String;@3dd3bcd
[Ljava.lang.String;@97e1986
[Ljava.lang.String;@26f67b76
[Ljava.lang.String;@153f5a29
[Ljava.lang.String;@7f560810
[Ljava.lang.String;@69d9c55
[Ljava.lang.String;@13a57a3b
[Ljava.lang.String;@7ca48474
[Ljava.lang.String;@337d0578
[Ljava.lang.String;@59e84876
[Ljava.lang.String;@61a485d2
[Ljava.lang.String;@39fb3ab6
[Ljava.lang.String;@6276ae34
[Ljava.lang.String;@7946e1f4
[Ljava.lang.String;@3c09711b
[Ljava.lang.String;@5cc7c2a6
[Ljava.lang.String;@b97c004
[Ljava.lang.String;@4590c9c3
[Ljava.lang.String;@32e6e9c3
[Ljava.lang.String;@5056dfcb
[Ljava.lang.String;@6574b225
[Ljava.lang.String;@2669b199
[Ljava.lang.String;@2344fc66
[Ljava.lang.String;@458ad742
[Ljava.lang.String;@5afa04c
[Ljava.lang.String;@6ea12c19
[Ljava.lang.String;@6a024a67
[Ljava.lang.String;@7921b0a2
[Ljava.lang.String;@174d20a
[Ljava.lang.String;@66d2e7d9
[Ljava.lang.String;@1efbd816
[Ljava.lang.String;@6a2bcfcb
[Ljava.lang.String;@4de8b406
[Ljava.lang.String;@3c756e4d
[Ljava.lang.String;@7c0e2abd
[Ljava.lang.String;@48eff760
[Ljava.lang.String;@402f32ff
[Ljava.lang.String;@573f2bb1
[Ljava.lang.String;@5ae9a829
[Ljava.lang.String;@6d8a00e3
[Ljava.lang.String;@548b7f67
[Ljava.lang.String;@7ac7a4e4
[Ljava.lang.String;@6d78f375
[Ljava.lang.String;@50c87b21
[Ljava.lang.String;@5f375618
[Ljava.lang.String;@1810399e
[Ljava.lang.String;@32d992b2
[Ljava.lang.String;@215be6bb
[Ljava.lang.String;@4439f31e
[Ljava.lang.String;@5dfcfece
[Ljava.lang.String;@23ceabc1
[Ljava.lang.String;@5d5eef3d
[Ljava.lang.String;@56f4468b
[Ljava.lang.String;@6cc4c815
[Ljava.lang.String;@3a82f6ef
[Ljava.lang.String;@100fc185
[Ljava.lang.String;@643b1d11
[Ljava.lang.String;@2ef5e5e3
[Ljava.lang.String;@36d4b5c
[Ljava.lang.String;@6d00a15d
[Ljava.lang.String;@51efea79
[Ljava.lang.String;@5034c75a
[Ljava.lang.String;@396a51ab
[Ljava.lang.String;@51081592
[Ljava.lang.String;@7f9a81e8
[Ljava.lang.String;@9629756
[Ljava.lang.String;@62ee68d8
[Ljava.lang.String;@735b5592
[Ljava.lang.String;@58651fd0
[Ljava.lang.String;@4520ebad
[Ljava.lang.String;@5419f379
[Ljava.lang.String;@7dc7cbad
[Ljava.lang.String;@d2cc05a
[Ljava.lang.String;@4f933fd1
[Ljava.lang.String;@548a9f61
[Ljava.lang.String;@1753acfe
[Ljava.lang.String;@7c16905e
[Ljava.lang.String;@2a2d45ba
[Ljava.lang.String;@2a5ca609
[Ljava.lang.String;@20e2cbe0
[Ljava.lang.String;@68be2bc2
[Ljava.lang.String;@28feb3fa
[Ljava.lang.String;@675d3402
[Ljava.lang.String;@51565ec2
[Ljava.lang.String;@482f8f11
[Ljava.lang.String;@1593948d
[Ljava.lang.String;@1b604f19
[Ljava.lang.String;@7823a2f9
[Ljava.lang.String;@4cc0edeb
[Ljava.lang.String;@457e2f02
[Ljava.lang.String;@5c7fa833
[Ljava.lang.String;@39aeed2f
[Ljava.lang.String;@724af044
[Ljava.lang.String;@4678c730
[Ljava.lang.String;@6767c1fc
[Ljava.lang.String;@29ee9faa
[Ljava.lang.String;@c038203
[Ljava.lang.String;@cc285f4
[Ljava.lang.String;@55f3ddb1
[Ljava.lang.String;@8bd1b6a
[Ljava.lang.String;@18be83e4
[Ljava.lang.String;@cb5822
[Ljava.lang.String;@4b9e13df
[Ljava.lang.String;@2b98378d
[Ljava.lang.String;@475530b9
[Ljava.lang.String;@1d057a39
[Ljava.lang.String;@26be92ad
[Ljava.lang.String;@4c70fda8
[Ljava.lang.String;@224edc67
[Ljava.lang.String;@14acaea5
[Ljava.lang.String;@46d56d67
[Ljava.lang.String;@d8355a8
[Ljava.lang.String;@59fa1d9b
[Ljava.lang.String;@28d25987
[Ljava.lang.String;@4501b7af
[Ljava.lang.String;@523884b2
[Ljava.lang.String;@5b275dab
[Ljava.lang.String;@61832929
[Ljava.lang.String;@29774679
[Ljava.lang.String;@3ffc5af1
[Ljava.lang.String;@5e5792a0
[Ljava.lang.String;@26653222
[Ljava.lang.String;@3532ec19
[Ljava.lang.String;@68c4039c
[Ljava.lang.String;@ae45eb6
[Ljava.lang.String;@59f99ea
[Ljava.lang.String;@27efef64
[Ljava.lang.String;@6f7fd0e6
[Ljava.lang.String;@47c62251
[Ljava.lang.String;@3e6fa38a
[Ljava.lang.String;@66a3ffec
[Ljava.lang.String;@77caeb3e
[Ljava.lang.String;@1e88b3c
[Ljava.lang.String;@42d80b78
[Ljava.lang.String;@3bfdc050
[Ljava.lang.String;@1bce4f0a
[Ljava.lang.String;@5e3a8624
[Ljava.lang.String;@5c3bd550
[Ljava.lang.String;@91161c7
[Ljava.lang.String;@604ed9f0
[Ljava.lang.String;@6a4f787b
[Ljava.lang.String;@685cb137
[Ljava.lang.String;@6a41eaa2
[Ljava.lang.String;@7cd62f43
[Ljava.lang.String;@6d4b1c02
[Ljava.lang.String;@6093dd95
[Ljava.lang.String;@5622fdf
[Ljava.lang.String;@4883b407
[Ljava.lang.String;@7d9d1a19
[Ljava.lang.String;@39c0f4a
[Ljava.lang.String;@1794d431
[Ljava.lang.String;@42e26948
[Ljava.lang.String;@57baeedf
[Ljava.lang.String;@343f4d3d
[Ljava.lang.String;@53b32d7
[Ljava.lang.String;@5442a311
[Ljava.lang.String;@548e7350
[Ljava.lang.String;@1a968a59
[Ljava.lang.String;@4667ae56
[Ljava.lang.String;@77cd7a0
[Ljava.lang.String;@204f30ec
[Ljava.lang.String;@e25b2fe
[Ljava.lang.String;@754ba872
[Ljava.lang.String;@146ba0ac
[Ljava.lang.String;@4dfa3a9d
[Ljava.lang.String;@6eebc39e
[Ljava.lang.String;@464bee09
[Ljava.lang.String;@f6c48ac
[Ljava.lang.String;@13deb50e
[Ljava.lang.String;@239963d8
[Ljava.lang.String;@3abbfa04
[Ljava.lang.String;@57fffcd7
[Ljava.lang.String;@31ef45e3
[Ljava.lang.String;@598067a5
[Ljava.lang.String;@3c0ecd4b
[Ljava.lang.String;@14bf9759
[Ljava.lang.String;@5f341870
[Ljava.lang.String;@553f17c
[Ljava.lang.String;@4f7d0008
[Ljava.lang.String;@271053e1
[Ljava.lang.String;@589838eb
[Ljava.lang.String;@42dafa95
[Ljava.lang.String;@6500df86
[Ljava.lang.String;@402a079c
[Ljava.lang.String;@59ec2012
[Ljava.lang.String;@4cf777e8
[Ljava.lang.String;@2f686d1f
[Ljava.lang.String;@3fee9989
[Ljava.lang.String;@73ad2d6
[Ljava.lang.String;@7085bdee
[Ljava.lang.String;@1ce92674
[Ljava.lang.String;@5700d6b1
[Ljava.lang.String;@6fd02e5
[Ljava.lang.String;@5bcab519
[Ljava.lang.String;@e45f292
[Ljava.lang.String;@5f2108b5
[Ljava.lang.String;@31a5c39e
[Ljava.lang.String;@3f49dace
[Ljava.lang.String;@1e397ed7
[Ljava.lang.String;@490ab905
[Ljava.lang.String;@56ac3a89
[Ljava.lang.String;@27c20538
[Ljava.lang.String;@72d818d1
[Ljava.lang.String;@6e06451e
[Ljava.lang.String;@59494225
[Ljava.lang.String;@6e1567f1
[Ljava.lang.String;@5cb9f472
[Ljava.lang.String;@cb644e
[Ljava.lang.String;@13805618
[Ljava.lang.String;@56ef9176
[Ljava.lang.String;@4566e5bd
[Ljava.lang.String;@1ed4004b
[Ljava.lang.String;@ff5b51f
[Ljava.lang.String;@25bbe1b6
[Ljava.lang.String;@5702b3b1
[Ljava.lang.String;@69ea3742
[Ljava.lang.String;@4b952a2d
[Ljava.lang.String;@3159c4b8
[Ljava.lang.String;@73846619
[Ljava.lang.String;@4bec1f0c
[Ljava.lang.String;@29ca901e
[Ljava.lang.String;@5649fd9b
[Ljava.lang.String;@6adede5
[Ljava.lang.String;@2d928643
[Ljava.lang.String;@5025a98f
[Ljava.lang.String;@49993335
[Ljava.lang.String;@20322d26
[Ljava.lang.String;@192b07fd
[Ljava.lang.String;@64bfbc86
[Ljava.lang.String;@64bf3bbf
[Ljava.lang.String;@55d56113
[Ljava.lang.String;@148080bb
[Ljava.lang.String;@dc24521
[Ljava.lang.String;@10bdf5e5
[Ljava.lang.String;@6e1ec318
[Ljava.lang.String;@7e0b0338
[Ljava.lang.String;@617faa95
[Ljava.lang.String;@1e127982
[Ljava.lang.String;@60c6f5b
[Ljava.lang.String;@2038ae61
[Ljava.lang.String;@3c0f93f1
[Ljava.lang.String;@31dc339b
[Ljava.lang.String;@544fe44c
[Ljava.lang.String;@31610302
[Ljava.lang.String;@71318ec4
[Ljava.lang.String;@21213b92
[Ljava.lang.String;@a67c67e
[Ljava.lang.String;@3327bd23
[Ljava.lang.String;@4e1d422d
[Ljava.lang.String;@66480dd7
[Ljava.lang.String;@52a86356
[Ljava.lang.String;@5ce81285
[Ljava.lang.String;@78c03f1f
[Ljava.lang.String;@5ec0a365
[Ljava.lang.String;@4fe3c938
[Ljava.lang.String;@5383967b
[Ljava.lang.String;@2ac273d3
[Ljava.lang.String;@71423665
[Ljava.lang.String;@20398b7c
[Ljava.lang.String;@6fc6f14e
[Ljava.lang.String;@56235b8e
[Ljava.lang.String;@3632be31
[Ljava.lang.String;@5abca1e0
[Ljava.lang.String;@2286778
[Ljava.lang.String;@4e9ba398
[Ljava.lang.String;@6d7b4f4c
[Ljava.lang.String;@527740a2
[Ljava.lang.String;@13a5fe33
[Ljava.lang.String;@3108bc
[Ljava.lang.String;@370736d9
[Ljava.lang.String;@5f9d02cb
[Ljava.lang.String;@63753b6d
[Ljava.lang.String;@6b09bb57
[Ljava.lang.String;@6536e911
[Ljava.lang.String;@520a3426
[Ljava.lang.String;@18eed359
[Ljava.lang.String;@3e9b1010
[Ljava.lang.String;@6c3708b3
[Ljava.lang.String;@6f1fba17
[Ljava.lang.String;@185d8b6
[Ljava.lang.String;@67784306
[Ljava.lang.String;@335eadca
[Ljava.lang.String;@210366b4
[Ljava.lang.String;@eec5a4a
[Ljava.lang.String;@2b2948e2
[Ljava.lang.String;@6ddf90b0
[Ljava.lang.String;@57536d79
[Ljava.lang.String;@3b0143d3
[Ljava.lang.String;@5a8e6209
[Ljava.lang.String;@4b4523f8
[Ljava.lang.String;@731a74c
[Ljava.lang.String;@369f73a2
[Ljava.lang.String;@1f28c152
[Ljava.lang.String;@7d907bac
[Ljava.lang.String;@7791a895
[Ljava.lang.String;@3a5ed7a6
[Ljava.lang.String;@6325a3ee
[Ljava.lang.String;@1d16f93d
[Ljava.lang.String;@67b92f0a
[Ljava.lang.String;@2b9627bc
[Ljava.lang.String;@65e2dbf3
[Ljava.lang.String;@4f970963
[Ljava.lang.String;@61f8bee4
[Ljava.lang.String;@7b49cea0
[Ljava.lang.String;@887af79
[Ljava.lang.String;@7fac631b
[Ljava.lang.String;@5b87ed94
[Ljava.lang.String;@6e0e048a
[Ljava.lang.String;@5bc79255
[Ljava.lang.String;@47ef968d
[Ljava.lang.String;@23e028a9
[Ljava.lang.String;@3dd4520b
[Ljava.lang.String;@5ae63ade
[Ljava.lang.String;@610694f1
[Ljava.lang.String;@43814d18
[Ljava.lang.String;@5c5a1b69
[Ljava.lang.String;@3701eaf6
[Ljava.lang.String;@627551fb
[Ljava.lang.String;@2b552920
[Ljava.lang.String;@2758fe70
[Ljava.lang.String;@1f36e637
[Ljava.lang.String;@578486a3
[Ljava.lang.String;@551aa95a
[Ljava.lang.String;@35d176f7
[Ljava.lang.String;@1dfe2924
[Ljava.lang.String;@6ebc05a6
[Ljava.lang.String;@6e6c3152
[Ljava.lang.String;@50b494a6
[Ljava.lang.String;@3cef309d
[Ljava.lang.String;@32709393
[Ljava.lang.String;@3d99d22e
[Ljava.lang.String;@49fc609f
[Ljava.lang.String;@cd2dae5
[Ljava.lang.String;@3a883ce7
[Ljava.lang.String;@4973813a
[Ljava.lang.String;@6321e813
[Ljava.lang.String;@79be0360
[Ljava.lang.String;@22a67b4
[Ljava.lang.String;@57855c9a
[Ljava.lang.String;@3b084709
[Ljava.lang.String;@3224f60b
[Ljava.lang.String;@63e2203c
[Ljava.lang.String;@1efed156
[Ljava.lang.String;@6737fd8f
[Ljava.lang.String;@72b6cbcc
[Ljava.lang.String;@a7e666
[Ljava.lang.String;@68bbe345
[Ljava.lang.String;@30b8a058
[Ljava.lang.String;@7494e528
[Ljava.lang.String;@4bbfb90a
[Ljava.lang.String;@7c29daf3
[Ljava.lang.String;@9660f4e
[Ljava.lang.String;@5a8806ef
[Ljava.lang.String;@6c49835d
[Ljava.lang.String;@5e853265
[Ljava.lang.String;@67205a84
[Ljava.lang.String;@7d0587f1
[Ljava.lang.String;@5d76b067
[Ljava.lang.String;@2a17b7b6
[Ljava.lang.String;@4f063c0a
[Ljava.lang.String;@1e6d1014
[Ljava.lang.String;@76707e36
[Ljava.lang.String;@614ddd49
[Ljava.lang.String;@1f554b06
[Ljava.lang.String;@694e1548
[Ljava.lang.String;@1c3a4799
[Ljava.lang.String;@131276c2
[Ljava.lang.String;@26aa12dd
[Ljava.lang.String;@3fd7a715
[Ljava.lang.String;@711f39f9
[Ljava.lang.String;@71bbf57e
[Ljava.lang.String;@7f13d6e
[Ljava.lang.String;@51cdd8a
[Ljava.lang.String;@d44fc21
[Ljava.lang.String;@23faf8f2
[Ljava.lang.String;@2d6eabae
[Ljava.lang.String;@4e7dc304
[Ljava.lang.String;@64729b1e
[Ljava.lang.String;@10bbd20a
[Ljava.lang.String;@48503868
[Ljava.lang.String;@6895a785
[Ljava.lang.String;@184f6be2
[Ljava.lang.String;@56aac163
[Ljava.lang.String;@1f7030a6
[Ljava.lang.String;@5a1c0542
[Ljava.lang.String;@396f6598
[Ljava.lang.String;@394e1a0f
[Ljava.lang.String;@27a5f880
[Ljava.lang.String;@1d29cf23
[Ljava.lang.String;@5f282abb
[Ljava.lang.String;@167fdd33
[Ljava.lang.String;@1e965684
[Ljava.lang.String;@4d95d2a2
[Ljava.lang.String;@53f65459
[Ljava.lang.String;@3b088d51
[Ljava.lang.String;@1786dec2
[Ljava.lang.String;@74650e52
[Ljava.lang.String;@15d0c81b
[Ljava.lang.String;@6acdbdf5
[Ljava.lang.String;@4b1c1ea0
[Ljava.lang.String;@17579e0f
[Ljava.lang.String;@4d41cee
[Ljava.lang.String;@3712b94
[Ljava.lang.String;@2833cc44
[Ljava.lang.String;@33f88ab
[Ljava.lang.String;@27a8c74e
[Ljava.lang.String;@2d8f65a4
[Ljava.lang.String;@1b68ddbd
[Ljava.lang.String;@646d64ab
[Ljava.lang.String;@59e5ddf
[Ljava.lang.String;@536aaa8d
[Ljava.lang.String;@e320068
[Ljava.lang.String;@1f57539
[Ljava.lang.String;@76f2b07d
[Ljava.lang.String;@704a52ec
[Ljava.lang.String;@6ee52dcd
[Ljava.lang.String;@4493d195
[Ljava.lang.String;@2781e022
[Ljava.lang.String;@57e1b0c
[Ljava.lang.String;@4232c52b
[Ljava.lang.String;@1877ab81
[Ljava.lang.String;@305fd85d
[Ljava.lang.String;@458c1321
[Ljava.lang.String;@11438d26
[Ljava.lang.String;@34cd072c
[Ljava.lang.String;@7a1ebcd8
[Ljava.lang.String;@5faeada1
[Ljava.lang.String;@528931cf
[Ljava.lang.String;@ea1a8d5
[Ljava.lang.String;@1563da5
[Ljava.lang.String;@2bbf4b8b
[Ljava.lang.String;@30a3107a
[Ljava.lang.String;@33c7e1bb
[Ljava.lang.String;@34c4973
[Ljava.lang.String;@52feb982
[Ljava.lang.String;@7a765367
[Ljava.lang.String;@76b0bfab
[Ljava.lang.String;@17d677df
[Ljava.lang.String;@3043fe0e
[Ljava.lang.String;@78e67e0a
[Ljava.lang.String;@bd8db5a
[Ljava.lang.String;@2f943d71
[Ljava.lang.String;@80503
[Ljava.lang.String;@4b553d26
[Ljava.lang.String;@69a3d1d
[Ljava.lang.String;@86be70a
[Ljava.lang.String;@480bdb19
[Ljava.lang.String;@2a556333
[Ljava.lang.String;@7d70d1b1
[Ljava.lang.String;@2a742aa2
[Ljava.lang.String;@3cb1ffe6
[Ljava.lang.String;@3dfc5fb8
[Ljava.lang.String;@467aecef
[Ljava.lang.String;@4d50efb8
[Ljava.lang.String;@7e2d773b
[Ljava.lang.String;@2173f6d9
[Ljava.lang.String;@307f6b8c
[Ljava.lang.String;@7a187f14
[Ljava.lang.String;@6f195bc3
[Ljava.lang.String;@51e2adc7
[Ljava.lang.String;@1a8a8f7c
[Ljava.lang.String;@2353b3e6
[Ljava.lang.String;@631330c
[Ljava.lang.String;@42f93a98
[Ljava.lang.String;@c46bcd4
[Ljava.lang.String;@3234e239
[Ljava.lang.String;@3d921e20
[Ljava.lang.String;@36b4cef0
[Ljava.lang.String;@fad74ee
